pollutant,typical_urban_background_mean_ugm3,typical_traffic_station_mean_ugm3,eu_annual_limit_ugm3,note,eu_annual_target_value_max_daily_8h_mean_ugm3
NO2,-10,-20,40.0,"UBA: städtischer Hintergrund 10–20 µg/m³, Verkehrsnahe Messstellen teils 30+ µg/m³",
PM10,-10,-15,40.0,Grenzwert 40 µg/m³; viele dt. Städte inzwischen bei ~15–25 µg/m³ im Jahresmittel,
PM2.5,-7,-8,25.0,WHO empfiehlt strengere Richtwerte (~10 µg/m³); dt. Werte meist darunter,
O3,-20,-20,,"Sommerliche Tagesspitzen oft 100–180 µg/m³, Zielwert 120 µg/m³ (max. Tages-8h-Mittel)",120.0
